firstname,lastname,age,salary,gender
George,Gilbert,20,143253,F
Benjamin,Valdez,25,207995,F
Ethan,Clay,22,43332,M
Tatyana,Stevenson,48,76068,F
Francesca,Rutledge,29,95904,M
Patience,Dennis,59,157574,M
Hedwig,Weeks,28,141529,M
Herrod,Copeland,31,153300,F
Dominic,Buckley,51,109779,F
Deborah,Talley,58,104128,F
Veda,Watts,48,196329,F
Ifeoma,Rush,37,129018,M
Vladimir,Ellis,64,104954,M
Ryder,Cain,61,126195,M
Aline,Cline,44,101896,F
Todd,Church,49,212390,F
Adele,Ramirez,52,126644,F
Emma,Camacho,55,73812,M
Brenna,Wilkins,65,161706,F
Maile,Clemons,34,130471,F
Abigail,Albert,46,184923,F
Gabriel,Owen,42,63297,M
Lynn,Vega,63,187129,F
Liberty,Padilla,34,191974,M
Pamela,Reynolds,57,201601,F
Keane,Harding,20,103853,F
Shannon,Horn,55,171167,M
Magee,Sullivan,33,49119,M
Fay,Rush,35,220609,M
Yvette,Wyatt,43,69965,M
Kaye,Stanley,24,212231,M
Haviva,Hahn,60,141825,M
Reuben,Britt,63,125324,M
Jerry,Mclean,55,210399,M
Abra,Mccarty,32,177179,M
Hanna,Powers,58,97180,M
Ian,Dodson,29,189092,F
Zachery,Best,46,124826,M
Germane,Clements,60,113177,F
Chantale,Head,21,161755,M
Wyatt,Sloan,37,112964,M
Katell,Buck,39,119909,M
Chelsea,Perez,27,125481,F
Xena,Russo,63,198399,F
Vivian,Armstrong,28,88915,F
Keith,Molina,42,180089,M
James,Bernard,23,217311,M
Cameron,Little,32,63715,M
Gavin,Wells,43,132311,F
Rafael,Carey,41,166506,F
Anne,Lester,22,211509,F
Fuller,Velazquez,50,112613,F
Kerry,Glenn,45,129549,F
Gage,Wheeler,44,68187,F
Hedy,Flowers,51,44832,M
Vladimir,Spencer,28,129612,F
Malachi,Bennett,63,30525,M
Levi,Grimes,59,194303,M
Merritt,Hunt,27,162786,M
Justin,Day,27,217812,F
Karleigh,Ortiz,30,202786,F
Warren,Becker,57,89007,M
Kevyn,Rojas,40,108731,F
Daquan,Lewis,43,44707,F
Lucy,Mercer,51,64188,F
Dorothy,Walters,41,68961,F
Gloria,Cooley,47,53879,F
Forrest,Maldonado,20,119252,M
Coby,Horton,30,215655,M
Ira,Calderon,52,124169,M
Xavier,Chaney,56,203347,F
Amanda,Cox,37,72762,F
Aristotle,Saunders,44,173972,F
Nehru,Mcintyre,27,218681,M
Cleo,Lewis,39,219603,M
Maia,Jenkins,48,131039,M
Nyssa,Meyers,22,189387,F
Owen,Barrett,23,35943,F
Eve,Freeman,36,58704,F
Craig,Hyde,22,169836,M
Benedict,Sparks,59,81262,F
Madonna,Cantrell,47,60933,F
Noel,Higgins,47,35300,M
Eric,Montoya,58,212058,F
Wing,Nieves,35,50707,M
Barbara,Logan,50,128023,M
Basia,Flowers,45,92477,M
Hadassah,Ferrell,47,102140,F
Pearl,Patel,54,142028,M
Grady,Mann,52,185417,M
Jana,Craig,24,102574,M
Daniel,Stanley,64,130411,F
Richard,Franco,51,78056,F
Lucius,Barker,21,45428,M
Hanna,Olson,21,92778,F
Sasha,Malone,41,75956,M
Clinton,Finch,53,47655,M
Rina,Stark,63,53786,M
Melanie,Mcconnell,31,104570,F
Benedict,Peck,21,172626,M